{
  "Total" : {
    "transaction" : "Total",
    "sampleCount" : 2,
    "errorCount" : 0,
    "errorPct" : 0.0,
    "meanResTime" : 739.0,
    "medianResTime" : 739.0,
    "minResTime" : 79.0,
    "maxResTime" : 1399.0,
    "pct1ResTime" : 1399.0,
    "pct2ResTime" : 1399.0,
    "pct3ResTime" : 1399.0,
    "throughput" : 0.41485169052063886,
    "receivedKBytesPerSec" : 1.4452962948558392,
    "sentKBytesPerSec" : 0.1531386123210952
  },
  "HTTP Request" : {
    "transaction" : "HTTP Request",
    "sampleCount" : 2,
    "errorCount" : 0,
    "errorPct" : 0.0,
    "meanResTime" : 739.0,
    "medianResTime" : 739.0,
    "minResTime" : 79.0,
    "maxResTime" : 1399.0,
    "pct1ResTime" : 1399.0,
    "pct2ResTime" : 1399.0,
    "pct3ResTime" : 1399.0,
    "throughput" : 0.41485169052063886,
    "receivedKBytesPerSec" : 1.4452962948558392,
    "sentKBytesPerSec" : 0.1531386123210952
  }
}